feature,n_hard,n_nonhard,median_hard,median_nonhard,p_mannwhitney
h3_len,283,288,14.0,10.0,5.640467214628362e-40
h3_num_unique,283,288,9.0,7.0,3.6578999090827154e-24
h3_entropy,283,288,3.0,2.725480556997868,3.3616078246422015e-17
h3_kmer3_rarity_dataset,283,288,3.173566110039958,3.0456417282151698,6.82896532678152e-08
h3_frac_aromatic,283,288,0.25,0.2727272727272727,0.006863353653793138
h3_frac_hydrophobic,283,288,0.4615384615384615,0.5,0.02800025632285271
h3_frac_gly_pro,283,288,0.1538461538461538,0.1428571428571428,0.4512201520979001
h3_kd_mean,283,288,-0.5857142857142856,-0.5333333333333334,0.5448354940768363
h3_net_charge_pH7,283,288,-1.0,-1.0,0.6208893316727843
