metric,n_pairs,mean_delta_ab2_minus_igfold,median_delta_ab2_minus_igfold,q25_delta,q75_delta,wilcoxon_stat,wilcoxon_p
global_fv_rmsd,566,-0.00690107950530036,-0.04355949999999986,-0.15893550000000006,0.11306250000000007,69051.0,0.004076366457158701
h3_rmsd,565,0.21260470265486725,0.1322439999999998,-0.36950000000000005,0.7848809999999999,64050.0,4.218797152060421e-05
