{
  "dataset": {
    "feature_set": "len_comp_physchem",
    "n_targets": 483,
    "agree_tol": 1.5,
    "hard_ge": 3.0,
    "target_rmsd_col": "rmsd_h3_ctx",
    "feature_count": 29,
    "hard_rate_overall": 0.4409937888198758,
    "counts_overall": {
      "not_hard": 270,
      "hard": 213
    },
    "split": {
      "test_size": 0.15,
      "n_train_pool": 410,
      "n_test": 73,
      "hard_rate_train_pool": 0.44146341463414634,
      "hard_rate_test": 0.4383561643835616
    },
    "leakage_guard": {
      "feature_policy": "only h3_* engineered features (excluding h3_seq) + ESM embeddings from h3_seq",
      "explicitly_excluded_patterns": "(rmsd|error|label|target|y_|confidence|conf|plddt|pae|iptm|ptm|score|prob)",
      "note": "RMSD is used ONLY for filtering and labels, never as an input feature"
    }
  },
  "train_cv": {
    "train_cv": {
      "n_samples": 410,
      "n_splits": 5,
      "n_repeats": 5,
      "total_splits": 25
    },
    "models": {
      "regressor": "XGBReg",
      "hard_risk_base": "xgb_classifier",
      "calibration": "sigmoid"
    },
    "metrics": {
      "reg_mae": {
        "mean": 1.0279722680311558,
        "std": 0.07904958488092013
      },
      "reg_rmse": {
        "mean": 1.433027316024144,
        "std": 0.1610997120824243
      },
      "hard_pr_auc_ap": {
        "mean": 0.7392413218689502,
        "std": 0.04863804380016151
      },
      "hard_roc_auc": {
        "mean": 0.7556658832745788,
        "std": 0.04852053573098407
      },
      "hard_brier": {
        "mean": 0.20169748628701734,
        "std": 0.015278781174754412
      },
      "hard_f1_thresholded": {
        "mean": 0.6540512153673962,
        "std": 0.06421010760816022
      },
      "decision_threshold_for_hard": {
        "mean": 0.40682385663191484,
        "std": 0.07942917719319958
      },
      "hard_rank_metrics_from_p_hard_cv_avg": {
        "p@10": {
          "precision": 0.9,
          "recall": 0.049723756906077346,
          "tp": 9.0,
          "k_eff": 10.0,
          "n_pos": 181.0
        },
        "p@20": {
          "precision": 0.9,
          "recall": 0.09944751381215469,
          "tp": 18.0,
          "k_eff": 20.0,
          "n_pos": 181.0
        },
        "p@50": {
          "precision": 0.88,
          "recall": 0.2430939226519337,
          "tp": 44.0,
          "k_eff": 50.0,
          "n_pos": 181.0
        }
      },
      "reg_conformal_alpha": 0.1,
      "reg_conformal_radius": 2.1366720522003178
    },
    "artifacts": {
      "train_cv_predictions_csv": "predictions_train_cv_avg.csv"
    }
  },
  "test": {
    "test_set": {
      "n_samples": 73,
      "hard_rate": 0.4383561643835616
    },
    "models": {
      "regressor": "XGBReg",
      "hard_risk_base": "xgb_classifier",
      "calibration": "sigmoid"
    },
    "metrics": {
      "reg_mae": 1.097282055746,
      "reg_rmse": 1.4945616129402073,
      "reg_conformal_alpha": 0.1,
      "reg_conformal_radius": 2.1366720522003178,
      "reg_pi_coverage": 0.8904109589041096,
      "hard_pr_auc_ap": 0.7361205957452973,
      "hard_roc_auc": 0.819359756097561,
      "hard_brier": 0.17960823500209971,
      "decision_threshold_for_hard": 0.4548555115858714,
      "confusion": {
        "tp": 24,
        "fp": 10,
        "tn": 31,
        "fn": 8
      },
      "precision": 0.7058823529411765,
      "recall": 0.75,
      "f1": 0.7272727272727272,
      "hard_rank_metrics_from_p_hard": {
        "p@10": {
          "precision": 0.8,
          "recall": 0.25,
          "tp": 8.0,
          "k_eff": 10.0,
          "n_pos": 32.0
        },
        "p@20": {
          "precision": 0.8,
          "recall": 0.5,
          "tp": 16.0,
          "k_eff": 20.0,
          "n_pos": 32.0
        },
        "p@50": {
          "precision": 0.58,
          "recall": 0.90625,
          "tp": 29.0,
          "k_eff": 50.0,
          "n_pos": 32.0
        }
      }
    },
    "artifacts": {
      "test_predictions_csv": "predictions_test.csv",
      "test_pr_png": "test_hard_pr.png",
      "test_roc_png": "test_hard_roc.png",
      "test_reliability_png": "test_hard_reliability.png",
      "test_reg_scatter_png": "test_reg_scatter.png",
      "test_reg_error_hist_png": "test_reg_error_hist.png"
    }
  }
}